id,first_name,last_name,email,gender
1,Jeanna,Sandison,jsandison0@mozilla.org,Female
2,Ailsun,Aartsen,aaartsen1@pbs.org,Female
3,Gayelord,Domini,gdomini2@miitbeian.gov.cn,Male
4,Ahmed,Biscomb,abiscomb3@state.tx.us,Male
5,Garret,Maxstead,gmaxstead4@over-blog.com,Agender
6,Aldin,Murr,amurr5@usnews.com,Male
7,Dare,Dinnage,ddinnage6@reference.com,Male
8,Reg,Thowless,rthowless7@japanpost.jp,Male
9,Eldridge,Fettiplace,efettiplace8@apache.org,Male
10,Murray,McKintosh,mmckintosh9@japanpost.jp,Male
11,Gabey,Joice,gjoicea@github.com,Female
12,Dulce,Duchart,dduchartb@domainmarket.com,Female
13,Major,Swanton,mswantonc@nasa.gov,Male
14,Melvin,Warbey,mwarbeyd@trellian.com,Male
15,Corilla,Kalkofen,ckalkofene@alibaba.com,Female
16,Fletch,MacKenzie,fmackenzief@dagondesign.com,Male
17,Maurita,Coleiro,mcoleirog@loc.gov,Female
18,Daniel,Likely,dlikelyh@barnesandnoble.com,Male
19,Giralda,Kave,gkavei@qq.com,Female
20,Nancey,Mountney,nmountneyj@taobao.com,Female
21,Jessee,Gunn,jgunnk@ca.gov,Male
22,Luce,Stailey,lstaileyl@hud.gov,Female
23,Mikel,Deverille,mdeverillem@blogs.com,Male
24,Silvia,Silliman,ssillimann@odnoklassniki.ru,Female
25,Ware,Baltzar,wbaltzaro@hubpages.com,Male
26,Sam,Sutcliff,ssutcliffp@msu.edu,Agender
27,Halsy,Caughte,hcaughteq@cloudflare.com,Male
28,Cob,Crollman,ccrollmanr@freewebs.com,Male
29,Morie,O'Cahsedy,mocahsedys@netlog.com,Male
30,Lancelot,Sinnock,lsinnockt@msu.edu,Male
31,Kylila,Peddersen,kpeddersenu@example.com,Female
32,Bernhard,Abramovitch,babramovitchv@microsoft.com,Male
33,Melisande,Render,mrenderw@drupal.org,Bigender
34,Holly-anne,Janaszewski,hjanaszewskix@trellian.com,Polygender
35,Timothee,Poxton,tpoxtony@dyndns.org,Male
36,Lydia,Chaudron,lchaudronz@360.cn,Female
37,Abbot,Szymonowicz,aszymonowicz10@abc.net.au,Male
38,Gerard,Castan,gcastan11@dmoz.org,Male
39,Rock,Giroldo,rgiroldo12@china.com.cn,Male
40,Christan,Shilliday,cshilliday13@netscape.com,Female
41,Charlena,Booij,cbooij14@chicagotribune.com,Female
42,Daron,Schlagh,dschlagh15@youtube.com,Polygender
43,Randie,Gregorace,rgregorace16@nba.com,Male
44,Verna,Chidler,vchidler17@google.com,Female
45,Holly,Worsall,hworsall18@walmart.com,Male
46,Adeline,Abrahim,aabrahim19@elpais.com,Female
47,Elonore,Briance,ebriance1a@google.es,Female
48,Matty,Hutchcraft,mhutchcraft1b@home.pl,Female
49,Dallas,Gerhts,dgerhts1c@miibeian.gov.cn,Female
50,Audi,Niles,aniles1d@flavors.me,Female
